primary_subdomain,count
accounting,208
__null__,105
vast,87
live_streaming,85
text_to_image,83
browser_automation,82
text_generation,79
ad_serving,75
trading,73
payments,73
proof_assistant,72
web_search,64
billing,61
text_to_speech,59
directory,56
invoicing,55
account_management,55
version_control,53
question_answering,52
campaign_management,52
creative_management,50
object_detection,48
summarization,48
astrology,47
contract_management,47
batch,47
mobile_testing,46
chat,45
user_management,44
market_data,44
reporting,44
targeting,44
writing,43
ad_item_management,42
translation,41
task_management,40
project_management,39
terminal_management,39
sentiment_analysis,39
image_editing,38
file_management,38
image_segmentation,38
product_catalog,36
image_classification,36
code_hosting,35
budgeting,35
browser_devtools,34
client_management,34
revenue,33
sms,33
quote_management,33
payroll,33
authentication,32
tokens,32
group_management,32
motion_graphics,31
webinars,31
sentence_similarity,31
api_mocking,30
batch_computing,30
image_to_image,30
table_question_answering,30
knowledge_graph,29
social_media,29
document_question_answering,29
video_classification,29
depth_estimation,29
unconditional_image_generation,29
fill_mask,29
orders,28
token_classification,28
dialogue_generation,27
app_builder,27
wallet,26
notes,25
carbon_accounting,25
chatbot_platform,25
banking,24
issue_tracking,23
image_generation,23
notifications,23
mobile_automation,23
fitness_tracking,23
room_management,23
views,23
zero_shot_image_classification,23
defi,22
credit_memo,22
text_classification,22
email_marketing,20
nft,20
sql,19
identity_management,19
email,19
meetings,19
project_finance,19
calendar,18
subscriptions,18
programmatic,18
debit_memo,18
streaming,18
rail,18
ocr,18
visual_question_answering,18
management_model,17
contact_management,17
custom_objects,17
dictionary,17
news,17
zero_shot_classification,17
code_indexing,16
ui_automation,16
game_development,16
transactions,16
contacts,16
image_captioning,16
image_to_text,16
web_scraping,16
video_generation,15
debugging,15
mining,15
crowdwork,15
attribution,15
speech_recognition,15
company_registry,15
http_requests,15
file_io,14
weather,14
database,14
content_extraction,14
internationalization,14
task_status,14
chat_channel,14
job_management,14
demo,13
test_orchestration,13
knowledge,13
agent_coordination,13
text_to_video,13
identity,13
workflow_management,13
telephony,13
pets,13
deployment,12
web_analytics,12
device_management,12
users,12
browser_debugging,12
zone_management,12
recordings,12
phone_numbers,12
user_accounts,12
gambling,12
image_analysis,12
stocks,12
diagramming,11
metadata,11
gui_automation,11
ui_components,11
verification,11
social,11
messaging,11
workspace_management,11
interaction_analytics,11
gamification,11
multi_entity,11
accounts,11
keyword_research,11
demo_api,11
natural_language_inference,11
code_context,10
session_management,10
audio_classification,10
reputation,10
semantic_search,10
creatives,10
podcast,10
product_reviews,10
vendor_management,10
forms,10
feature_extraction,10
cost_analytics,9
code_generation,9
app_management,9
hosting,9
testing,9
tool_catalog,9
markets,9
api_orchestration,9
token_transfer,9
scholarly_papers,9
text_extraction,9
academic_search,9
user_data,9
channel_management,9
data_governance,9
agent_registry,9
billing_document,9
call_queues,9
speech_synthesis,9
optical_character_recognition,9
code_execution,9
team_chat,8
code_search,8
vector_database,8
chemistry,8
products,8
economic_data,8
model_catalog,8
financial_statements,8
content_management,8
api_reference,8
service_management,8
blocks,8
content_governance,8
governance,8
chatbot,8
shared_line_groups,8
access_control,8
asset_management,8
time,8
number_management,8
content_moderation,8
call_tracking,8
cart,8
conversational,8
monitoring,7
mouse_control,7
icon_library,7
knowledge_base,7
spreadsheet,7
agent_network,7
datetime,7
strategy_management,7
chinese_astrology,7
account,7
scraping,7
url_shortening,7
activity_reporting,7
delegation,7
polls,7
meeting_metrics,7
webinar_metrics,7
bank_feeds,7
operational_metrics,7
influencer_marketing,7
text_rewriting,7
inventory,7
digital_marketing,7
seo,7
paraphrasing,7
text_similarity,7
image_upscaling,7
named_entity_recognition,7
vector_search,7
static_analysis,6
memory_graph,6
trading_data,6
design_system,6
paper_search,6
health_check,6
webhook_management,6
usage_guide,6
evaluation,6
screenshot,6
test_automation,6
devbox_management,6
search,6
swaps,6
databases,6
angular,6
grid_trading,6
company_records,6
research,6
feedback,6
domain_management,6
deal_management,6
books,6
image_search,6
video_search,6
schedule_management,6
audience_data,6
ad_items,6
native_ads,6
forum,6
payouts,6
invoice_adjustments,6
voice,6
sip_trunk,6
sports,6
real_estate,6
image_enhancement,6
text_to_sql,6
spam_detection,6
cryptocurrency,6
companies,6
answers_forms,6
form_actions,6
reviewers,6
sentence_embeddings,6
geocoding,5
code_validation,5
knowledge_vault,5
video_platform,5
reports,5
customer_support,5
alerting,5
automation,5
datasets,5
data_export,5
addon_management,5
tracing,5
ci_cd,5
framework_documentation,5
online_course,5
assessment,5
pages,5
api_discovery,5
human_design,5
evidence_records,5
advertiser_management,5
zones,5
tracking,5
addon_development,5
commitment,5
authorization,5
policy,5
enforcement,5
memory,5
events,5
attachment,5
payment_methods,5
internal_numbers,5
room_metrics,5
phone_system,5
call_blocking,5
common_area_phones,5
phone_devices,5
sites,5
radio_station,5
dictionaries,5
receivables,5
qr_code,5
grammar_correction,5
face_swap,5
text_summarization,5
cost_estimation,5
scenarios,5
text2text_generation,5
automatic_speech_recognition,5
local_search,4
community_content,4
webhooks,4
cost_allocation,4
database_schema,4
credential_management,4
dyno_management,4
pipeline_management,4
theming,4
organization,4
logging,4
environment_configuration,4
component_library,4
design_to_code,4
java_environment,4
containerization,4
entities,4
credentials,4
audit_log,4
api_access,4
ai_setup_audit,4
onboarding,4
news_search,4
alert_management,4
publisher_management,4
product_catalogs,4
agent_management,4
settlement,4
capability_tokens,4
attestation,4
a2a_tasks,4
intent,4
data_query,4
accounting_period,4
subscription,4
billing_accounts,4
bill_runs,4
features,4
tax,4
user_access,4
chat_message,4
call_logs,4
settings_templates,4
phone_users,4
user_settings,4
meeting_reports,4
webinar_reports,4
app_automation,4
event_subscription,4
timezone,4
ad_copy_generation,4
text_analysis,4
direct_mail,4
deposits,4
withdrawals,4
language_detection,4
entity_recognition,4
ai_text_detection,4
keyword_extraction,4
model_training,4
face_liveness,4
mask_detection,4
speech_to_text,4
background_removal,4
chatbot_catalog,4
text_editing,4
recruitment,4
surface_reconstruction,4
arithmetic,4
catalog,4
visitor_analytics,4
media_download,4
scholarly_search,4
developer_docs,3
code_writing,3
service_health,3
market_news,3
database_diagnostics,3
data_import,3
async_jobs,3
recording,3
ui_component_registry,3
dev_box,3
build,3
pricing,3
saas_management,3
exchange_rates,3
agent_profile,3
agent_memory,3
skill_marketplace,3
due_diligence,3
strategy_packages,3
message_signing,3
extension_management,3
landing_page,3
token_management,3
theme,3
secret_management,3
content_fetching,3
catalog_management,3
file_transfer,3
referrals,3
provenance,3
gateway,3
agent_messaging,3
elicitation,3
mass_action,3
amendments,3
credit_balance,3
usage_metrics,3
callout_countries,3
live_stream,3
feedback_metrics,3
call_recordings,3
calling_plans,3
usage_reports,3
video_conferencing,3
webhook,3
holdings,3
documents,3
providers,3
payables,3
geo_calculation,3
computation,3
ip_geolocation,3
crm,3
recruiting,3
chatbot_management,3
information_extraction,3
tokenization,3
data_source_management,3
style_transfer,3
dialogue,3
chat_completion,3
mrz_scanning,3
prompt_management,3
barcode_scanning,3
regex,3
speaker_verification,3
text_segmentation,3
voice_gender_recognition,3
resume_parsing,3
records,3
document_parsing,3
business_licenses,3
passage_ranking,3
vocoder,3
rag,3
code_analysis,3
product_search,3
cassandra,3
file_search,3
directory_listing,3
document_search,3
database_search,3
database_query,3
business_intelligence,3
places,2
reasoning,2
image_to_video,2
reranking,2
tool_reference,2
local_ui,2
incidents,2
cost_optimization,2
asset_inventory,2
commitments,2
crawled_content,2
sdk_integration,2
resource_discovery,2
options,2
workflow_execution,2
display_management,2
query_performance,2
sql_execution,2
cloud_run,2
scrivener_import,2
scene_metadata,2
database_connection,2
diagnostics,2
accessibility,2
metrics,2
economic_indicators,2
vulnerability,2
region,2
infrastructure_as_code,2
migration,2
device_connection,2
scaffolding,2
configuration,2
memory_store,2
ens,2
comments,2
projects,2
extensions,2
sdk,2
account_verification,2
backtesting,2
accommodation,2
vedic_astrology,2
browser_configuration,2
security_audit,2
ai_setup_remediation,2
environment_management,2
booking,2
activity_log,2
promotions,2
crawling,2
video_extension,2
smart_contract_development,2
interaction_logging,2
agent_identity,2
skill_analytics,2
audience_management,2
beacon_management,2
bidder_management,2
placement_management,2
scheduling,2
tag_generation,2
conversion_tracking,2
log_upload,2
event_logging,2
publishers,2
advertisers,2
channels,2
content_filtering,2
site_audit,2
event_inbox,2
temporal,2
endorsement,2
agent_networking,2
introduction,2
ecosystem_stats,2
agent_search,2
resources,2
file_compression,2
sampling,2
settings,2
order,2
billing_preview,2
transaction_logs,2
usage,2
virtual_background,2
call_quality,2
voicemail,2
podcasts,2
media_playback,2
address_validation,2
data_extracts,2
data_browser,2
license_management,2
comics,2
branding,2
api_specification,2
word_association,2
bus,2
credits,2
user_records,2
link_management,2
coupons,2
api_testing,2
instant_messaging,2
promo_codes,2
trivia,2
conversation,2
face_analysis,2
tool_directory,2
super_resolution,2
sales_forecasting,2
demand_forecasting,2
image_colorization,2
entity_extraction,2
emotion_analysis,2
face_recognition,2
image_tagging,2
face_animation,2
face_detection,2
captcha_solving,2
prompt_generation,2
document_recognition,2
job_description_processing,2
entertainment,2
token_encoding,2
headline_generation,2
pos_tagging,2
text_embedding,2
outfit_recommendation,2
quiz_generation,2
voice_activity_detection,2
virtual_try_on,2
contact_enrichment,2
website_classification,2
appraisal,2
business_news,2
book_search,2
url_extraction,2
language_identification,2
contact_lookup,2
code_embeddings,2
graph_machine_learning,2
emotion_classification,2
program_synthesis,2
question_generation,2
meeting,2
stock_data,2
wikipedia,2
voice_catalog,2
workspace,2
graphql,2
trends,2
sql_query,2
artifact_management,2
collection_management,2
file_content_search,2
model_evaluation,2
job_search,2
object_storage,2
browser_navigation,2
command_execution,2
file_read,2
file_deletion,2
file_write,2
health_text_analytics,2
knowledge_ingestion,2
json,2
package_search,1
distance_matrix,1
elevation,1
directions,1
research_synthesis,1
social_media_metrics,1
vector_db_docs,1
refactoring,1
location_search,1
community_reference,1
tooling_health,1
setup_guide,1
email_metrics,1
containers,1
product_docs,1
test_analytics,1
error_analytics,1
organizations,1
platforms,1
data_ingestion,1
action_confirmation,1
sdk_metadata,1
sdk_guides,1
voice_commands,1
permissions,1
event_log,1
session_status,1
production_readiness,1
credential_setup,1
sdk_docs,1
paper_details,1
subject_categories,1
media_analysis,1
server_connection,1
tool_discovery,1
tool_invocation,1
resource_access,1
prompt_discovery,1
prompt_access,1
holder_data,1
analyst_recommendations,1
linting,1
resource_sync,1
subscription_management,1
resource_search,1
resource_upload,1
resource_uninstall,1
usage_tracking,1
prompt_resolution,1
usage_analytics,1
workflow_discovery,1
workflow_inspection,1
workflow_checkpoint,1
source_management,1
dashboard,1
app_discovery,1
permission_request,1
screen_capture,1
usage_stats,1
upload_monitoring,1
database_functions,1
row_level_security,1
data_transfer,1
database_monitoring,1
setup_instructions,1
database_triggers,1
database_indexes,1
database_users,1
database_constraints,1
query_execution,1
data_mutation,1
database_comments,1
service_logs,1
application_logs,1
private_spaces,1
team_management,1
database_status,1
query_monitoring,1
process_management,1
database_maintenance,1
backup_management,1
database_upgrade,1
index_sync,1
project_diagnostics,1
metadata_merge,1
framework_guides,1
usage_guides,1
package_info,1
release_notes,1
page_conversion,1
network_monitoring,1
documentation_coverage,1
documentation_quality,1
component_playground,1
sec_filings,1
financial_data,1
treasury_rates,1
version_info,1
code_to_design,1
component_development,1
migration_guides,1
app_modernization,1
plan_confirmation,1
repository_analysis,1
quota,1
cicd,1
well_architected,1
adb_shell,1
component_docs,1
methodology,1
wireframe,1
dependency_install,1
interest_rates,1
inflation,1
gdp,1
unemployment,1
macroeconomic_indicators,1
workspace_search,1
serverless,1
teams,1
content,1
troubleshooting,1
account_registration,1
mission_discovery,1
server_capabilities,1
company_search,1
skill_catalog,1
thread_management,1
api_catalog,1
token_swap,1
token_allowance,1
transaction_simulation,1
report_sharing,1
server_utility,1
cli_setup,1
lead_capture,1
design_tokens,1
automation_management,1
intake_forms,1
url_fetching,1
business_profile,1
deep_research,1
data_extraction,1
llms_txt,1
url_discovery,1
article_fetch,1
content_fetch,1
document_retrieval,1
attribute_search,1
map_search,1
video_upscaling,1
chain_metadata,1
smart_contract_security,1
token_intelligence,1
audit_rules,1
system_health,1
capture_settings,1
proactive_patterns,1
network_status,1
skill_versions,1
service_tiers,1
agent_registration,1
composition_management,1
treasury_policy,1
risk_assessment,1
action_simulation,1
api_passthrough,1
key_management,1
integration_management,1
user_data_management,1
audit_logs,1
placements,1
integrations,1
trusted_domains,1
api_endpoint_search,1
product_source,1
beacon_verification,1
dev_logs,1
developer_documentation,1
local_development,1
manifest_validation,1
performance_monitoring,1
system_diagnostics,1
competitive_analysis,1
site_optimization,1
server_registry,1
task_assignment,1
emergency_access,1
digital_signatures,1
purchase_validation,1
dispute,1
spend_analytics,1
social_networking,1
data_access_policy,1
approval,1
data_lineage,1
evidence_review,1
key_rotation,1
deliverable_submission,1
evidence_submission,1
intent_alignment,1
chain_registry,1
feedback_analysis,1
rpc,1
http_request,1
api_proxy,1
marketplace_search,1
index_statistics,1
agent_details,1
risk_analysis,1
risk_alerts,1
annotations,1
roots,1
structured_content,1
progress_updates,1
exchange_rate,1
billing_files,1
signature_generation,1
payment_pages,1
credit_memos,1
debit_memos,1
communication_profiles,1
statistics,1
phone_settings,1
phone_setup,1
cloud_recording,1
archiving,1
recording_control,1
operation_logs,1
sip_trunks,1
activity_reports,1
audit_reports,1
telephone_reports,1
audio_conferencing,1
cloud_recordings,1
user_account,1
recommendations,1
encryption,1
networth,1
asset_classification,1
securities,1
preferences,1
statements,1
macro_execution,1
cat_tool_integration,1
quote_finance,1
coordinate_conversion,1
quotes,1
compression,1
house_rental,1
betting,1
account_marketplace,1
copywriting,1
aircraft_tracking,1
ad_targeting,1
forex,1
air_quality,1
flight_tracking,1
kitchen_faucets,1
user_profiles,1
people_search,1
app_download,1
movie_catalog,1
utilities,1
ad_copy,1
age_estimation,1
object_recognition,1
mood_detection,1
image_stylization,1
email_validation,1
plagiarism_detection,1
photo_restoration,1
image_beautification,1
code_explanation,1
vulnerability_scanning,1
hashtag_generation,1
qr_code_generation,1
model_management,1
image_restoration,1
explorer,1
protocol,1
network,1
crypto_exchange,1
marketplace,1
dapp,1
dao,1
artists,1
nft_gallery,1
art_generation,1
pii_detection,1
text_moderation,1
model_selection,1
code_conversion,1
music_metadata,1
image_matting,1
inpainting,1
document_detection,1
base64_conversion,1
match_prediction,1
dream_interpretation,1
ad_script,1
topic_explanation,1
academic_writing,1
example_generation,1
topic_description,1
email_drafting,1
guide_generation,1
case_study,1
video_script,1
content_calendar,1
lesson_planning,1
campaign_planning,1
call_to_action,1
promotion,1
product_description,1
content_ideation,1
ebook_generation,1
color_inspiration,1
people_detection,1
furniture_detection,1
pipeline,1
vehicle_detection,1
license_plate_detection,1
image_blurring,1
face_anti_spoofing,1
emotion_detection,1
facial_landmark_detection,1
pose_estimation,1
toxicity_detection,1
gender_detection,1
hate_symbol_detection,1
head_pose_estimation,1
document_liveness,1
liveness_detection,1
image_description,1
jobs,1
json_generation,1
keyword_clustering,1
scene_recognition,1
logo_recognition,1
mask_filling,1
autocomplete,1
marketing_copy,1
document_generation,1
api_documentation,1
user_registration,1
nsfw_detection,1
nudity_detection,1
movie_art_generation,1
photo_movie_generation,1
sentence_detection,1
supply_chain,1
photo_editing,1
sales,1
profanity_detection,1
receipt_parsing,1
soil_analysis,1
fraud_detection,1
video_summarization,1
company_data,1
industry_data,1
prompt_engineering,1
text_correction,1
coding_assistant,1
text_transformation,1
notion,1
text_style_transfer,1
text_to_emoji,1
time_series_forecasting,1
threat_intelligence,1
caching,1
product_classification,1
business_contacts,1
amount_to_text,1
vehicle_data,1
push_notification,1
industry_classification,1
delivery,1
concept_extraction,1
video_analysis,1
document_matching,1
sentence_matching,1
hashtag_suggestion,1
word_similarity,1
image_recognition,1
tone_analysis,1
phrase_similarity,1
mood_analysis,1
company_lookup,1
business_directory,1
business_registry,1
cosmetics,1
dense_retrieval,1
chart_to_table,1
scene_text_recognition,1
model_weights,1
action_recognition,1
vision_language,1
image_geolocalization,1
reading_comprehension,1
code_documentation,1
query_generation,1
speech_translation,1
speaker_diarization,1
overlapped_speech_detection,1
flight_booking,1
hotel_booking,1
restaurant_reservation,1
car_booking,1
online_shopping,1
job_application,1
telemedicine,1
legal_consultation,1
course_enrollment,1
insurance,1
bill_payment,1
online_selling,1
passport_application,1
credit_card_payment,1
housework,1
autonomous_driving,1
package_delivery,1
food_delivery,1
taxi_hailing,1
music_playback,1
movie_playback,1
library,1
video_call,1
voice_call,1
software_management,1
printing,1
alarm,1
conversational_generation,1
tabular_classification,1
audio_to_audio,1
reverse_image_search,1
text_to_audio,1
video_transcription,1
noise_reduction,1
audio_effects,1
audio_splicing,1
voice_conversion,1
grammar_checking,1
text_simplification,1
text_expansion,1
article_spinning,1
topic_generation,1
audio_to_image,1
audio_extraction,1
frame_extraction,1
image_stitching,1
video_stabilization,1
speed_adjustment,1
audio_video_sync,1
voiceover,1
stock_news,1
computational_knowledge,1
deep_search,1
image_variation,1
visualization,1
mcp_server,1
admin_api,1
content_conversion,1
subgraph,1
api_integration,1
graph_database,1
social_media_search,1
real_time_search,1
plugin,1
data_feed,1
transcription,1
file_listing,1
paper_retrieval,1
page_loading,1
docs_search,1
agent_creation,1
directory_search,1
file_reading,1
file_writing,1
web_crawling,1
automation_generation,1
automation_execution,1
product_data,1
pdf_editing,1
webpage_conversion,1
agent_invocation,1
browser_interaction,1
page_inspection,1
knowledge_base_retrieval,1
api_spec,1
permission_management,1
rule_management,1
value_operations,1
airport_search,1
flight_search,1
document_extraction,1
form_recognition,1
knowledge_base_query,1
document_status,1
identity_parsing,1
invoice_parsing,1
file_copy,1
file_move,1
search_trends,1
human_feedback,1
nutrition,1
biomedical_literature,1
shell,1
agent_utility,1
programming_qa,1
gaming,1
encyclopedia,1
guardrails,1
