subdomain,count
unspecified,912
read_operation,281
image,257
code_hosting,228
accounting,220
browser_automation,211
dataset_catalog,201
write_operation,173
search,156
url_service,144
file_io,122
project_management,97
cost_management,96
database,92
note_management,89
team_messaging,86
documentation_retrieval,78
maps,73
contact_management,72
version_control,59
contract_management,59
reporting,58
document_management,58
speech,57
destructive_operation,55
video,53
keyword_extraction,52
campaign_management,51
logging,49
academic_search,48
text_to_speech,48
time,47
terminal_automation,46
news,43
market_data,43
users,42
web_access,41
code_analysis,39
creative_asset,38
transcoders,38
places,37
email,37
product_catalog,37
projects_smart_v2,37
issue_tracking,36
template_management,33
accounts,33
phone,33
files,32
quotes_smart_v2,32
clients,31
authentication,30
app_platform,30
signature_workflow,30
webinars,30
encyclopedia,29
payrollau,29
resource,28
catalog_management,28
formal_verification,28
meetings,28
dashboards,27
translation_dictionary,26
token_transfer,26
browser,26
transactions,25
job_search,24
writing_workflow,24
sms,24
groups,24
text_generation,24
social_media_management,23
economic_data,23
social_sharing,23
video_platform,22
access_control,22
notifications,22
audience_management,22
credit_memos,22
projects_classic,22
email_delivery,21
code_navigation,21
revenue_schedules,21
reports,21
ui_component,20
monitoring,20
translation,20
text_classification,20
task_management,19
payment_methods,19
quotes_classic,19
stream_targets,19
zero_shot_classification,19
books,18
debit_memos,18
payments,18
api_v2,17
pools,17
fill_mask,17
knowledge_graph,16
calendar,16
customer_management,16
billing,16
publisher_management,16
orders,16
invoices,16
contacts,16
client_invoices,16
vendors,16
weather,15
cloud_recording,15
tasks_classic,15
subscriptions,14
user,14
jobs_smart_v2,14
jobs,14
payment,13
refunds,13
messages,13
sip_connected_audio,13
phone_call_queues,13
text2text_generation,13
workflows,12
rooms,12
live_streams,12
computenodes,12
package_management,11
icon_library,11
transaction_building,11
web_extraction,11
articles,11
vendor_invoices,11
word,11
stub_mappings,11
daily_life_service,11
content_annotation,10
defi_vault,10
inspection,10
defi_transaction,10
catalog_ad,10
pdf,10
phone_shared_line_groups,10
players,10
requests,10
jobschedules,10
object_detection,10
pull_request,9
clinical_text,9
web_scraping,9
accounting_periods,9
actions,9
rooms_location,9
group,9
tasks,9
online_service,9
question_answering,9
summarization,9
quote_management,8
model_catalog,8
financial_statement,8
dashboard,8
http_api,8
chat_channels,8
im_groups,8
roles,8
tsp,8
recordings,8
schedules,8
feature_extraction,8
table_question_answering,8
chemistry,7
release_management,7
advertiser_management,7
custom_object_records,7
accounting_codes,7
taxation_items,7
payment_runs,7
account,7
dictionaries,7
jobs_classic,7
bankfeeds,7
conversational,7
graphql_api,6
alerting,6
budget_management,6
credential_management,6
invoice_management,6
knowledge_base_qa,6
entities,6
summary_journal_entries,6
usage,6
chat_channels_account_level,6
categories,6
cobrand,6
provideraccounts,6
asset,6
stream_sources,6
application,6
visual_question_answering,6
text,5
diagram_generation,5
metrics,5
service_management,5
event_triggers,5
custom_object_definitions,5
custom_object_jobs,5
amendments,5
attachments,5
bill_run,5
entity_connections,5
product_rate_plans,5
ramps,5
revenue_items,5
sequence_sets,5
voice,5
phone_auto_receptionists,5
phone_blocked_list,5
common_area_phones,5
phone_devices,5
phone_site,5
trackingfield,5
automation,5
auth,5
words,5
serviceprincipal,5
certificates,5
math,4
container_execution,4
server_management,4
ad_bidding,4
data_queries,4
billing_documents,4
document_properties,4
payment_gateway_reconciliation,4
journal_runs,4
features,4
invoice_adjustments,4
products,4
product_rate_plan_charges,4
unit_of_measure,4
chat_messages,4
devices,4
im_chat,4
rooms_account,4
sip_phone,4
configs,4
holdings,4
subscription,4
geo_calculate,4
telemedicine,4
code_execution,4
cms_sync,4
sentence_similarity,4
environment,3
structured_content,3
elicitation,3
music,3
database_record,3
support_ticket,3
staking,3
theme_management,3
sampling,3
mass_updater,3
catalog,3
credit_balance_adjustments,3
invoice_payments,3
order_line_items,3
revenue_rules,3
templates,3
chatbot_messages,3
webhooks,3
domains,3
zappiti_service,3
budgets,3
payee_locations,3
derived,3
documents,3
providers,3
network,3
near_misses,3
system,3
applicationowners,3
serviceprincipalowners,3
depth_estimation,3
token_classification,3
long_running_operation,2
reranking,2
database_schema,2
automation_execution,2
api_specification,2
online_course,2
url_shortening,2
api_key_management,2
charge_metrics,2
settings,2
billing_preview_run,2
charge_revenue_summaries,2
exports,2
imports,2
invoice_item_adjustments,2
product_features,2
product_rate_plan_charge_tiers,2
rate_plan_charges,2
operations,2
revenue_events,2
rsa_signatures,2
deprecated_api_endpoints,2
general,2
playback,2
brands,2
filters,2
months,2
payees,2
scheduled_transactions,2
dataextracts,2
currency_exchange_rates,2
license,2
identity,2
scenarios,2
credits,2
applicationkeycredentials,2
applicationpasswordcredentials,2
deletedapplications,2
domain,2
groupsowners,2
signedinuser,2
serviceprincipalkeycredentials,2
serviceprincipalpasswordcredentials,2
applications,2
travel_location,2
rag,2
web_crawling,2
model_evaluation,2
json_navigation,2
access_scope,1
web_research,1
local_business_profile,1
social_account_connection,1
asset_management,1
resource_labeling,1
release_readiness,1
checkpointing,1
api_usage_metrics,1
cost_allocation,1
smart_contract_compile,1
animation,1
performance_metrics,1
settlement,1
purchase_validation,1
root_listing,1
oauth,1
connections,1
custom_exchange_rates,1
describe,1
hmac_signatures,1
hosted_pages,1
communication_profiles,1
invoice_items,1
invoice_split_items,1
invoice_splits,1
payment_method_snapshots,1
payment_method_transaction_logs,1
payment_transaction_logs,1
rate_plan_charge_tiers,1
rate_plans,1
refund_invoice_payments,1
refund_transaction_logs,1
subscription_product_features,1
payment_gateways,1
quotes_document,1
zuora_revenue_integration,1
phone_reports,1
rooms_devices,1
pac,1
facets,1
recommendations,1
deprecated,1
statements,1
verification,1
verify_account,1
macros,1
specs,1
storage,1
processing_time,1
viewer_data,1
shortcode,1
subaccounts,1
objects,1
groupowners,1
oauth2permissiongrant_list,1
oauth2permissiongrant_create,1
oauth2permissiongrant_delete,1
serviceprincipalapproleassignedto,1
serviceprincipalapproleassignments,1
serviceprincipalsbyappid,1
real_estate_rental,1
graph_machine_learning,1
insurance,1
banking,1
online_marketplace,1
query_performance,1
semantic_context,1
tool_adapter,1
content_conversion,1
salesforce_query,1
natural_language_data_query,1
image_generation,1
agent_automation_generation,1
web_content_reading,1
human_feedback,1
